Timestamp,Temperature (°C),Humidity (%),Wind Speed (m/s),Solar Radiation (W/m²),Energy Usage (kWh)
2025-01-01,6.265457630899405,81.71224271513046,13.447279471881448,240.59469866045967,286.3186337534343
2025-01-02,30.848622769044937,47.256559819939916,3.8054580830257354,489.41682643516305,270.7932193523442
2025-01-03,12.867689219034766,85.53214800716039,3.8292838894231904,226.2491829420348,334.7756532820208
2025-01-04,19.685101388868542,35.14056656511236,11.228388551412728,639.744402331876,193.51860019305235
2025-01-05,12.668456015699313,89.40771458531802,10.509240395226803,914.2156552828804,263.97333018995766
2025-01-06,22.670768746327482,88.47029611951706,2.706749200059273,422.1150782730628,282.2655983161105
2025-01-07,38.18730006977589,45.46550905989661,8.580859357124092,693.3303140621472,302.85843683224
2025-01-08,33.77293934612294,61.78072069979147,7.478420085523961,799.7873924809572,362.8858341194676
2025-01-09,13.142337661040635,45.01969446741574,4.204285388092543,749.6352372885365,433.54992579553567
2025-01-10,21.909495592673935,30.280628062579353,6.6744361361024405,702.6268633824501,297.1527889407069
2025-01-11,9.802306330158224,80.09516199072613,3.5928245340386615,753.8546888611055,441.0945761121599
2025-01-12,20.611516697875338,86.77113916189793,13.696574290556399,589.8847809930581,324.03769002552946
2025-01-13,37.27813150481047,77.45783477909403,14.191043331144233,351.1131137210046,327.591558416668
2025-01-14,12.562522412039804,59.59376433038928,6.969784699736999,723.1732056955401,379.9956978393474
2025-01-15,10.38968236390776,62.25928563334767,0.737505959420704,157.48962710970793,422.7927981310013
2025-01-16,12.46680459380385,62.165540808084295,6.6869928675097094,904.5061531230598,353.8245812051197
2025-01-17,28.85703084452639,60.36314116402667,1.861365620296735,781.6451444835562,456.5047402943954
2025-01-18,35.00170825325931,75.18827697178489,2.15328434611888,857.4737245821875,321.2247465955777
2025-01-19,21.7430534425696,47.18811751828609,5.707412127898684,261.37686389364626,252.06078532883194
2025-01-20,28.71968308520617,78.55927101055154,10.431670202841095,230.84519415972937,293.09245971996654
2025-01-21,30.965917275718887,83.92156978026043,0.18648113074479444,471.06623197978234,349.21784335360144
2025-01-22,7.912499394167877,80.39357300094625,11.645278676068983,247.7498492541661,344.0955088080503
2025-01-23,21.016800271079845,56.11518410916481,10.211805888810037,376.09712367436737,228.4646575009458
2025-01-24,9.628116119188698,80.49792997425305,12.255537179415102,391.2731304788862,288.59890385063846
2025-01-25,24.182325415980998,64.46077817596675,12.670715455947432,917.7438783819998,226.36509774434003
2025-01-26,27.568447798138163,61.82487956345493,2.182690880373555,492.72682034387964,268.28639021980854
2025-01-27,28.212563999241063,46.6761986793472,2.826139936720736,137.01882653519755,315.4840742185172
2025-01-28,29.358135602919937,39.33158192316055,1.6649537012942588,809.2731517520297,369.70955419745627
2025-01-29,22.31972064146135,37.282714773413616,7.479898027535458,171.84769869666016,289.5345511312132
2025-01-30,36.726882794038445,43.23242182440539,8.45214249266391,742.646778899173,189.90768101408332
2025-01-31,30.67056782661638,54.05257492640874,1.6339730760177713,550.8625073461117,202.56162387091558
2025-02-01,26.07646835174609,50.260373150729535,12.62485339463003,849.4545638285778,456.67979655411733
2025-02-02,20.39022297258841,49.67774022859558,12.170724613921365,824.2938229584869,326.77301648697687
2025-02-03,28.900464324250137,57.80192610070037,5.3776612814985185,379.3397851622589,344.98294227108283
2025-02-04,9.029398364716922,36.37972699692649,10.90417933827014,585.9732396570187,371.9246729582623
2025-02-05,20.73264009410628,64.22886366976019,8.756601241548234,229.15054833291765,393.6142485322704
2025-02-06,37.11626877108121,34.558789631895216,9.292069753942764,370.25043070895066,333.45835787526073
2025-02-07,6.634149417602536,55.97639431856488,3.5557864224242897,266.23417882058243,462.66408931880767
2025-02-08,23.957441017861413,86.83817040230582,9.213486767398221,908.2199081052026,472.5222804302866
2025-02-09,39.57947199762912,80.49060383378307,6.123614023748706,688.860698695703,339.7770654400112
2025-02-10,33.109690096202954,82.12106173024571,5.580482858493797,109.2820629666871,296.5218291196505
2025-02-11,38.76530221142901,77.12594071668184,7.03524203859892,624.1627897670363,299.09136138430296
2025-02-12,18.079545455991706,77.59741201183465,10.82688736112555,303.6541546337164,152.62255979814114
2025-02-13,20.306760482935672,30.787488732521407,12.534633266882013,542.1308359483132,236.20366690401647
2025-02-14,38.863823013148874,45.313679429645575,12.454698556794204,741.7872664051265,218.1257936786469
2025-02-15,32.20489695645426,56.88774460804943,10.32278368584247,646.280586049447,314.3615160171969
2025-02-16,31.412136006519198,42.84353622712842,13.020048396577726,737.1579518762783,255.48175703391206
2025-02-17,17.528265668923247,35.543451443870566,9.064208373241502,304.01236573999745,308.11438497575637
2025-02-18,20.918630233582075,71.91658811223863,14.09108442479653,185.46245571117882,327.6521658613566
2025-02-19,17.287944405996164,81.3725529821859,2.129718592364866,925.5556059121539,255.64867759151358
2025-02-20,24.76103737528138,39.6461863126278,4.24257735599984,842.7596752428765,231.87802332854085
2025-02-21,11.075352699463034,79.75306185246535,2.651014761817133,307.5662962181635,315.51421253725835
2025-02-22,17.065869856766085,50.15760838725603,2.776397725498108,545.3413092566941,317.9974162816306
2025-02-23,22.11884786279141,81.06281327926756,8.588382361136588,632.7205333082568,288.51178390702734
2025-02-24,37.280760360971776,71.19281952746772,9.758038472402017,920.0225513466828,363.8628257299767
2025-02-25,13.417189735184502,85.95624481293581,11.902249959896054,383.6486256741614,443.2364489736364
2025-02-26,14.347558558678669,30.5979674350328,3.7457039812603883,522.3754854412485,325.39852944542656
2025-02-27,9.383976982572946,38.441318274784166,3.1903701011866694,782.3866384091298,259.42275770280105
2025-02-28,37.292237431882555,63.50747925206581,7.705168931351497,980.6945971917869,356.05366346660486
2025-03-01,23.93406364975794,46.584557568316825,13.087118727130447,81.98406877216183,371.2373608086235
2025-03-02,12.432430598076792,56.00397406752831,8.112629171264983,451.8961471427353,345.0542521773501
2025-03-03,7.501399159946016,81.13118502452414,6.136679305076567,112.5782563690108,411.3409348614906
2025-03-04,30.663336036494183,81.61298889200165,14.407478967087988,163.7835294796883,402.70855453618054
2025-03-05,23.685664886853953,60.902298767112285,9.172896822569136,848.8660715400256,313.2610722245413
2025-03-06,36.73405678665253,41.17325942765203,5.263728735314805,228.41444125239332,378.65356423171613
2025-03-07,10.212676206498584,77.02098428879738,12.777327657795125,530.7578139651755,392.8241955551831
2025-03-08,9.734810691702336,37.74804796374304,8.01118467383787,544.5323540920425,334.5417643749922
2025-03-09,29.343224290888234,40.85084997027752,1.2306768762219766,587.2938770110405,230.3393563582063
2025-03-10,12.388221257920456,36.63309532128019,2.4233935798859836,368.3634845423422,295.6428273326367
2025-03-11,9.325886567083302,34.487770864668065,11.120302456143348,808.519951723502,340.67974890017297
2025-03-12,13.37628925432271,74.61907486418792,8.747818321546953,87.05535489141369,267.7473150674539
2025-03-13,6.958042107696219,43.46041840496315,0.7275852079047868,256.75262282810763,236.68841187081563
2025-03-14,23.437413441353595,49.14414078675162,9.032203785789088,829.1243066788219,389.0412016385454
2025-03-15,38.961176195305384,54.71300262560872,4.493817206557945,700.0796553041232,190.22329096731642
2025-03-16,33.7120271305471,66.76697302776128,7.776157426799844,710.6541509307789,270.1573104637085
2025-03-17,33.185918103350204,61.23545103301883,4.597083382594554,312.93169902447335,375.1674058628432
2025-03-18,11.82881096006135,46.269353255875984,2.4448738771756346,668.813407632406,295.0020362584886
2025-03-19,31.3748517656734,63.65795382883001,5.8817011801059795,395.39074294397375,245.9367994994432
2025-03-20,22.206562676476498,43.675477786050706,1.807653101540458,520.2996906526807,298.28662033428634
2025-03-21,22.84380815395902,35.507104008046376,8.21563150835497,819.3242860033632,258.2852364459279
2025-03-22,11.58691392499687,50.77216263789213,11.076855434883395,181.00699533278072,401.9496509702466
2025-03-23,19.228035453061512,31.4525632167252,11.970496155553123,946.0305507381337,286.2745245681396
2025-03-24,12.96364757583276,80.57711662250752,3.932824330146123,808.4932781021681,380.5165361165651
2025-03-25,19.848363873707147,85.3547794829241,14.566509989876268,423.4888357578963,313.81435491120135
2025-03-26,25.91919891658942,64.99627224320096,12.583281491601316,814.2987582891552,435.1986219974051
2025-03-27,22.534041309950513,67.78706024565386,1.9744230273564618,735.1618061882505,301.6525008559982
2025-03-28,19.659084434043635,73.42171893927483,6.255026291022103,482.9356150134184,356.41135779840783
2025-03-29,32.374461484595685,31.673877787493907,11.530299074667703,504.01135686164713,309.18398854332054
2025-03-30,26.309784629875956,77.3811525883244,12.045911908354881,454.14471124570196,297.59420707237814
2025-03-31,9.344453953008369,73.80050155018156,0.2461257949985357,591.9539063837105,327.4341274861358
2025-04-01,33.43971183379047,49.636499764344734,2.2166296980618894,476.6220476902852,264.00963251265284
2025-04-02,17.298838114194005,84.89766722783811,0.7896049762327861,85.83227696923333,325.27594211531294
2025-04-03,13.45464269781564,44.74279892586858,1.7431172614589574,140.31650869073036,289.50155899470934
2025-04-04,38.20777787508252,84.56883235798125,6.170634355399289,512.9572730302457,330.72615727527534
2025-04-05,21.88663144921856,35.883557940945266,7.482661204723157,862.267950927695,273.4597274865225
2025-04-06,36.129328640835745,39.15873323002588,14.260325270536518,170.89153358042552,402.1029317142733
2025-04-07,7.808999967538292,60.70857151969271,11.380859430926396,363.12175576651543,331.0144056430871
2025-04-08,18.95321054143156,62.56194265871027,14.843174640948368,369.77844404641905,386.3043997245817
2025-04-09,21.225226601340186,49.53601199977807,2.6429903221099145,124.88113309576198,316.47621028541994
2025-04-10,39.43964630473555,82.18610356220663,2.092484956883087,636.9873627117302,369.33336890103135
2025-04-11,34.868505877373025,33.15751096610213,2.1777521775587867,732.490198047683,281.47892226467957
2025-04-12,10.748952864365094,83.82192270946138,8.171107410636193,571.5407237390409,289.8318513604307
2025-04-13,33.72688537117013,52.7614822260281,2.0965556460816748,365.6817663195013,346.34736303841373
2025-04-14,33.52858704445865,68.9078041116102,0.5739164045939676,250.3186374755428,437.49215502063316
2025-04-15,38.11266698988592,79.08006578347471,6.180437183405935,133.02663686617007,480.1279165927223
2025-04-16,19.6514147895886,40.04126648790282,7.7392880914397395,389.35633510154986,239.04065718904397
2025-04-17,37.057070049363965,31.12499683769517,0.005082291962027474,225.4709166137329,276.27304905595776
2025-04-18,20.226078585710642,66.96465686886376,6.095364564622745,523.991013935961,429.16857879747585
2025-04-19,30.0580167362376,35.14553142641678,1.4942370833146574,545.6554771214263,433.4355565280124
2025-04-20,32.93370269024395,85.22311975308136,8.668845791742184,623.2043852005685,318.4258421721913
2025-04-21,18.14259532914701,59.79768934653984,2.40888466031916,615.4739888576329,324.1305534323813
2025-04-22,24.69254112413613,42.79718954995434,3.9536729430596558,886.3208404185401,309.5882012575451
2025-04-23,18.44258195681494,35.98734121941064,13.003545480227157,148.41934211593446,419.6509523416175
2025-04-24,10.80033803018991,81.88257474954028,5.562339047109059,892.8530842673972,400.43669222520487
2025-04-25,9.60387398814154,59.34628143962172,2.5740256881132844,632.2686769649056,219.8209811240597
2025-04-26,16.354954750129714,35.447033977003315,11.880171420382014,638.4453749621264,317.9754856618414
2025-04-27,35.45257077314329,64.25272370324221,5.939690657391818,590.8282767162182,218.44117466596805
2025-04-28,13.551143082393596,78.71983679336071,11.668278294250742,255.0694965238015,263.0899862579876
2025-04-29,38.43872333475155,67.85645920837965,3.0472756123954703,980.1061333169324,275.5803650855571
2025-04-30,38.874438371101796,34.012505524350956,6.17201796032851,989.2808554355455,271.15576180751856
2025-05-01,38.1931049155807,32.91530478766999,10.460543475332674,898.4990426747386,263.5764841865915
2025-05-02,16.360189342898472,56.757082247490295,5.958659799906907,746.230366843159,246.30455566377302
2025-05-03,31.5522301512141,69.92870217933765,4.877523040109221,274.96851573236813,234.84320624592408
2025-05-04,8.188635222235797,59.05719592448083,10.875443440202538,156.94029113322108,259.58578222825207
2025-05-05,12.566150936760845,45.82918842802037,9.979034516493797,814.3145883626379,355.19396438973683
2025-05-06,33.82675842827563,67.55448268845255,13.828568412577411,162.2926020482284,325.08169529586553
2025-05-07,16.00220574156304,33.122895708451395,12.559862437969667,563.8076112373324,421.5371252673386
2025-05-08,25.791669435706755,46.19397690118171,13.563624891083467,188.93448848819793,299.26390656709964
2025-05-09,23.86485273871665,43.52142704565873,4.083984919779394,968.3967728928683,386.01917736557067
2025-05-10,7.0232727170812455,78.27587585268319,2.923371559417165,438.7631336000108,370.8518236074372
2025-05-11,9.780000467344074,70.38701593856375,5.917931321218111,320.827962252931,404.10521957348243
2025-05-12,17.974243387245018,56.691513309374926,4.740787496308943,907.2836346263587,273.0570687496326
2025-05-13,35.072588163608515,37.71226090490531,10.715443435576013,446.0614137422608,337.0143647086022
2025-05-14,10.35906832827154,37.57999086128265,13.108987224296293,316.70811376722565,264.00114746901664
2025-05-15,15.025159484232427,87.67917757324605,14.686826580946912,905.3095356985433,415.34137206844986
2025-05-16,30.988674205762642,67.1785956862278,11.006834579999618,658.9766447942367,378.6414340397106
2025-05-17,8.9003986773327,74.9376686424558,0.753724677179165,198.77801743400013,413.104859921721
2025-05-18,11.143548892512037,36.06292990244526,14.582020012141271,828.0396607744362,372.99529784829184
2025-05-19,33.25377850190822,85.06032083915144,5.457848959629761,473.16848359514756,316.8885344346065
2025-05-20,8.055124149875608,59.72833690255742,6.501627922335345,426.35068850504894,325.6194830024771
2025-05-21,27.031534200183962,32.034794381076544,11.269387624230937,842.1214130032185,367.31004339828826
2025-05-22,17.721720643980227,57.92529210093532,13.199205517379873,950.3028689648012,325.63602562061936
2025-05-23,39.95591215173507,54.70747121418696,13.54559200798596,509.35626982668833,281.00784458112275
2025-05-24,31.313317030059217,88.028992882235,13.035488115656605,706.6363823337208,346.8765446644723
2025-05-25,37.852952257912726,54.803494001970506,12.83860312386555,154.6651043733383,251.80248576322674
2025-05-26,7.376134405363617,59.61532741445646,11.669539186444094,902.9550732828959,349.1227142197118
2025-05-27,34.28326071415692,36.023372235505434,2.2621242835624207,157.99259299637225,362.8102081349174
2025-05-28,30.2586210747067,47.137323715336926,3.404683786870424,72.09538218512047,293.65919945259225
2025-05-29,34.24148496335211,72.53501786246129,13.806342362661752,961.5472155857543,272.3553931247076
2025-05-30,13.30072228726809,82.5666987380072,11.369827874435689,172.2734966123412,329.5529894810503
2025-05-31,21.387417254659596,58.96927213941066,3.682974827169787,850.45361493762,482.5515326876654
2025-06-01,28.038061240433723,61.71312312542591,6.392413540315774,866.3274970152087,348.2986582783662
2025-06-02,8.001140600486922,49.044512228513305,7.724063960407704,320.9903689434226,398.5828917268048
2025-06-03,24.285256936558632,36.193349678842786,11.584893214827675,86.2303190049895,429.15312945125214
2025-06-04,37.91622017380945,71.74343034665677,5.584318818033135,668.1048175943829,328.6139760630182
2025-06-05,34.566778923437326,40.79615180561781,4.126582546915318,187.65872813296903,379.6939627581525
2025-06-06,5.9681595100226605,31.238389153638366,7.872998186158816,894.0250754370365,383.12266106482707
2025-06-07,11.187424691626106,81.32163721923553,7.58000972755937,871.9686820134559,346.99753825195614
2025-06-08,28.253782755317516,31.038983548882204,3.2426866947823196,899.9988854383611,314.6623313521894
2025-06-09,15.182652193893388,53.026854428061306,0.15999743413294354,135.84181406697866,310.115965779446
2025-06-10,35.402587775247135,79.0135254968271,11.334417166849697,971.6893996646061,302.9864391172499
2025-06-11,34.241486136570366,51.74206954101088,13.78571403359735,583.6680984292319,272.9600249150428
2025-06-12,36.334887625121624,42.01870310105347,13.638216325834119,935.8159190366914,259.0814905690786
2025-06-13,16.212945655521043,64.22134192877664,6.685258603056715,511.5303856005732,259.4592996502613
2025-06-14,21.36547825670524,57.808656790357105,5.291931673654662,995.8027094154534,317.754762667998
2025-06-15,11.870057999286352,33.807903416479114,7.84194520328494,378.46394717938074,306.9051260417454
2025-06-16,31.457379545946313,36.084602035510585,6.73611547244291,850.4498528623959,250.3661996779271
2025-06-17,19.507685195431552,54.531659501203805,5.265132786877183,837.4778517772864,292.26653899595783
2025-06-18,37.35942221372228,46.929943154310536,9.726378892907032,464.1759665450128,277.7199763908405
2025-06-19,10.520775355333143,58.11435224908446,2.8757517986442034,781.6628527962555,354.65680526725123
2025-06-20,21.41255618249218,73.82583675224726,2.2541727869870614,168.1861741755929,345.56199534886224
2025-06-21,11.462928082117513,36.48948965929941,0.3831444285305613,762.9519963982655,389.8278710430227
2025-06-22,16.139097043555765,69.81373704760186,9.54882365783126,809.9364746619029,352.9537637032458
2025-06-23,16.887402146688743,32.633981236761535,3.7852994358356296,272.83598822336614,402.8856820893444
2025-06-24,28.57617075320888,81.60717465692338,3.7007971876105246,661.6206614090377,377.63718363411374
2025-06-25,5.771276451707189,87.33900805750274,14.552045497903645,501.60315671229966,346.0629331702756
2025-06-26,26.559378398207443,64.45342872608805,9.222162343676406,811.9081913962706,319.60287706865034
2025-06-27,35.85332806042428,89.21665654274949,14.369520826124385,649.5823738676424,311.056577623559
2025-06-28,39.68577319387171,82.0035985184721,11.341113016223634,471.6007963517474,369.5067072865561
2025-06-29,14.237033097502612,34.96458132950201,12.318584735570294,774.7197686510509,387.4666073075698
2025-06-30,5.8975379930673215,41.43534192272455,11.550898460212947,567.1539414646282,463.5700196063186
2025-07-01,23.979831817000584,50.565197728423875,9.005147277273155,760.1596057234522,349.65090357683044
2025-07-02,29.815514720475548,38.583727987070276,6.167051559995278,467.24492003705444,353.97486383652785
2025-07-03,37.73862700849286,71.99529642265821,8.333732939545294,853.1596879152214,353.2912105466165
2025-07-04,29.232960257867152,34.49013988405887,12.17409863244076,477.5695980906178,318.5477140302706
2025-07-05,39.88048831734936,36.42388806565818,13.51612618947305,353.4615318752798,288.825325042982
2025-07-06,11.35168418273009,80.29460335292563,2.3286859602222427,529.5885480414662,354.48675337244174
2025-07-07,25.174042728151417,48.61661889639593,6.673378863294338,858.7942332497149,259.25319242265357
2025-07-08,20.265980362572712,71.61302911535378,6.089846592653402,380.3686186790018,300.07774746092065
2025-07-09,33.78048733103427,89.48263694045639,1.9505686321773115,134.35977161220745,285.7728594014168
2025-07-10,15.426484620483645,62.610676137435036,1.5146696995038256,420.5026154165021,277.6482744479306
2025-07-11,31.299098741777435,32.37981908101364,2.7991000237887063,795.4477391228309,390.79812000074196
2025-07-12,23.34789063182236,60.648966784654235,4.075552024661972,663.4183678849442,392.69207733969085
2025-07-13,23.864245507461995,39.329530453628095,10.475421029274832,113.11427125096353,335.9307702657919
2025-07-14,38.81612005533733,46.170842232450426,1.0242689933928506,960.3064462994062,274.73134970046584
2025-07-15,27.241408013138937,56.25531901928677,13.773571577027223,858.601410498216,264.4041935006124
2025-07-16,12.046385246646842,70.52449957934661,6.4464722366167475,855.4289365659187,318.15350160880496
2025-07-17,25.373053747127337,47.48934398789798,6.259397722769437,442.0982575716418,383.8033923697992
2025-07-18,11.530679232407152,42.828538999366614,0.5766100594527396,780.3650254528301,304.37003612231115
2025-07-19,9.596901979686088,75.37656406331956,6.596259806374995,714.8222764518108,438.7841329993
2025-07-20,13.146961508274707,65.34804794445346,8.296866406935411,203.02226732585586,320.58436728252366
2025-07-21,8.746512077920393,89.0607287956328,3.6429900838546034,862.7251705656416,304.11212400634656
2025-07-22,31.754062792600955,80.59120086750686,5.703485544808814,420.63479965938865,318.6560210530736
2025-07-23,33.34729640536402,64.1422352662624,9.898048060569185,110.66889725145701,387.04824135488195
2025-07-24,33.152307940907406,73.15043860755404,3.4270560882664567,226.00381096399124,290.61671926930205
2025-07-25,36.71890161543824,34.2374043439276,0.1630943100842941,714.5169621835537,349.40672927005687
2025-07-26,24.674444361329222,44.70539102388153,7.201978268585736,536.0850032952688,311.9087158285733
2025-07-27,33.399759871398444,33.04705373799009,6.118303612387115,65.75844546502344,436.0471115711879
2025-07-28,38.04100414027154,82.38844453990977,5.2678386797134635,860.7237084562455,394.40951001787903
2025-07-29,5.46781984173292,60.795371068899854,3.348146046944749,87.12148154116355,314.03438849148824
2025-07-30,16.253995310589143,48.43483425730331,10.670676019073621,677.8697412194066,340.59952702754674
2025-07-31,11.944865918031155,41.09089723685628,13.803402384772866,473.844358033428,313.855795058385
2025-08-01,22.08102717119113,58.25555337936201,5.771808108986568,738.6130727065923,337.28689630199904
2025-08-02,24.614519933648346,82.36106678243146,11.411572090691703,314.89278671646764,252.61809681530892
2025-08-03,29.107412865206108,38.583265075242466,9.651457513058423,291.6884128958492,276.5219753993518
2025-08-04,34.76602891203029,41.92110401365466,12.283000329400014,444.60394418692516,326.08207579384714
2025-08-05,17.47804382157948,88.56671606159114,5.240602354507832,913.4924201871494,278.4029540194447
2025-08-06,27.45109519713924,85.61410758536235,8.70135426671218,73.7227302268099,290.74881024300197
2025-08-07,16.191997625023742,89.3400078327632,8.948290473768758,634.122755862993,279.78023172457995
2025-08-08,6.307149650648828,38.03044165599902,11.117654523930378,854.7814405792136,220.25529116700338
2025-08-09,15.747173818614144,88.19334418927042,13.308940644939682,797.9335446904545,232.76429670127135
2025-08-10,32.232777112074984,73.2649594718172,1.4477566735232976,672.6364977802334,255.67425576921215
2025-08-11,17.316446356316863,84.63641582438578,0.037340035891952894,951.5795843017821,333.2338239463186
2025-08-12,18.761553669578582,32.99662229620637,2.299467828271445,679.0526297165418,387.3148291752718
2025-08-13,32.446269631551004,34.709920824476626,3.6706123385008507,697.9265902240047,239.55889790921316
2025-08-14,16.219546569960116,86.26967721868402,12.795070222878016,213.15923388846466,380.6283263717039
2025-08-15,20.499359078036743,55.72518116784531,10.030994120636333,268.97049991889526,328.77273925240047
2025-08-16,38.2780551812958,55.662281640423345,13.962697908560314,510.78066721904304,389.0444994527545
2025-08-17,38.68521210198163,51.83980758577459,6.648824635301358,55.84609222547805,274.4485379310996
2025-08-18,21.418244886287738,48.63512000203322,9.44092784359008,979.2750685676791,415.9456917403334
2025-08-19,36.17822819264785,50.298502053247,10.760347137755373,707.5808020462399,335.73857858928955
2025-08-20,35.38816716987846,64.57871226257004,4.490024328302133,976.875964877837,283.16351831147443
2025-08-21,16.47394671723185,63.44538044337686,7.183604991930878,700.9617084450354,350.1217152370774
2025-08-22,31.966735845727886,84.92309604314332,8.989806291211167,954.9620195774561,432.89112746868125
2025-08-23,20.65709919796367,41.48172829014672,10.762808225002953,848.5721632933729,381.18687277304866
2025-08-24,5.443258762265233,46.53515955056244,7.444646652362893,881.6502292611722,374.99816716021155
2025-08-25,7.669915388090652,89.88836152629915,7.524169038559762,619.9004368470022,262.64704377551413
2025-08-26,6.2948475748154085,62.882242361359324,2.5697936212379218,790.5087006469344,269.7615312594722
2025-08-27,13.129529256127583,34.31533636764533,0.4636456181156079,396.58921306987713,408.8612461141903
2025-08-28,34.87236088647796,50.68910903932308,0.10624186973850092,317.80384963564734,249.23676129066308
2025-08-29,25.375160757058307,76.0262364067881,7.273767208381713,662.0141460822457,335.8813971824763
2025-08-30,11.73756727766184,87.03048349271212,1.2522085175186888,110.71383123428473,374.84167340492394
2025-08-31,12.249744906447216,69.6480074202913,6.9226603545835435,494.8033406139088,341.75156093805725
2025-09-01,19.487719798537203,49.864243066170935,8.108673572062324,582.9183744293318,301.86175582319896
2025-09-02,29.325023754615515,59.80167562044906,9.841353886140894,882.7009291011726,272.8105084709932
2025-09-03,23.386466039644837,82.9743662004392,0.42428462798003164,803.3412414380236,324.6740272668966
2025-09-04,33.18428542933134,68.93497645405253,13.456301535185313,732.7061650538308,366.61201606470814
2025-09-05,8.650128347264435,47.491156751212344,14.103230247840864,79.18721215041282,429.2555777887135
2025-09-06,13.799199074745898,33.37691485879539,9.247310969445813,109.95959241177276,322.3062159414425
2025-09-07,13.106103897769,39.73088786767015,13.280583206036734,655.8804124900748,303.1393694283015
2025-09-08,16.906546068061488,55.45968865050787,6.777928083766431,275.9417100608818,347.99927060255146
2025-09-09,16.779914870557747,88.1391903430539,9.060714976806484,870.9464747123269,350.25902124592886
2025-09-10,10.036662865628402,77.67903881693002,10.739204596330765,155.70573499923728,350.97992439806666
2025-09-11,24.53873137561637,58.725282914207014,5.159460747881529,701.3697763153253,348.16193844447514
2025-09-12,28.733012452188145,50.81596404960891,3.401872941086521,153.63404997655772,421.36341516819317
2025-09-13,17.159763624529155,75.33539982484228,10.024089715599434,902.4973579375271,318.9958720771687
2025-09-14,10.716904986644439,80.82703752990156,0.25661422767915554,538.257464623771,332.2856816672979
2025-09-15,23.12375582619483,76.86962169927708,9.127555126635855,267.90119302488836,356.8706227198091
2025-09-16,33.14864079509233,48.97897544763366,11.593468609221738,779.1204873803528,265.5939949806741
2025-09-17,12.030444286957913,34.99239886895027,1.7705462288495348,847.4322977532009,359.9679882360425
2025-09-18,12.315571358380648,79.34967301454273,12.705703815027167,741.8965517157159,388.4161421679297
2025-09-19,22.431602624617415,71.65900714378316,14.173449206450915,552.8167804570407,317.9371451090145
2025-09-20,20.390186054760782,54.221655397923335,5.168856534733117,444.35045425946834,267.66762083227985
2025-09-21,18.77677706625504,38.0788838980075,12.346888132290433,448.53428686224083,295.34912177276425
2025-09-22,23.393037627439526,68.43741265483631,2.833987237769678,352.89797733635845,313.58784305298224
2025-09-23,18.2139248966129,62.3382542477363,8.518935264830064,682.8477768714438,344.91094950772305
2025-09-24,26.54761228029799,36.629865834777824,12.68875059731096,826.9168657553248,301.7512715627739
2025-09-25,32.87929489586431,68.38006503906811,12.698902539216158,115.85837489690547,269.9180169923235
2025-09-26,26.095407531340904,46.33727046679525,9.2267997700852,352.40446763651534,293.7252711134221
2025-09-27,20.605965464806555,46.16936824937032,5.868386763168348,952.7227754323413,412.07288952251326
2025-09-28,6.550330583834748,83.33019249320404,2.820329379591764,570.3884049299425,329.99070806093164
2025-09-29,10.804106613004206,76.70940757675095,3.6987372432126824,637.0745334604642,364.3890903095814
2025-09-30,39.90367389360396,79.75441635220108,8.850255435548341,766.2779427556062,373.0281086302135
2025-10-01,27.775339628074736,78.02092361726156,8.533730339991278,336.6559736867195,382.2265104880454
2025-10-02,5.750981524851107,43.47766239068363,5.475059625864746,502.3446472186968,351.7812004646694
2025-10-03,29.677385013931957,57.416627175767644,4.323279442170341,62.800703262037196,345.9299970711061
2025-10-04,23.17688000929152,70.324844353772,7.291068508236695,665.0250839459754,330.991029445702
2025-10-05,15.68929889168505,32.91545195617632,2.4560037252191407,658.0368790017116,400.47281290988514
2025-10-06,20.62512640263066,60.75052575693442,3.545519708007995,169.73135470352048,346.4490844105185
2025-10-07,16.567528393747462,74.37096207813886,6.041579243825586,714.6454090315528,373.1022685431285
2025-10-08,20.947025228308135,74.2443255029042,1.559932455858017,399.7015077430723,389.09204270775075
2025-10-09,18.214459315414018,37.53643711045278,4.540706388483768,539.9659628437159,431.48360291383244
2025-10-10,5.874769731442273,36.20271124550655,5.538941948438245,313.0036128053624,294.82513478122905
2025-10-11,39.05786804644398,46.13173087028673,8.700110091356837,89.29649659140887,326.5019491225203
2025-10-12,10.558582557386213,61.81243270128684,7.529290539662484,287.4850605164369,292.17525764981013
2025-10-13,6.513445824585569,33.13554547745923,12.61679082889345,108.14409481846059,380.90016819722786
2025-10-14,36.17578344315386,83.52166060630658,5.925504111310264,280.2945744826848,300.1621350629402
2025-10-15,28.671422713377478,70.2599756551979,0.10156392318071916,681.3299472288082,326.17639338645506
2025-10-16,19.6994236341711,81.84557460979926,4.093947602222011,806.1391748436196,270.5941868383463
2025-10-17,31.90486643431746,85.06949805063735,2.925555046385724,302.13496017910785,261.08474779692193
2025-10-18,32.452646364468116,53.18424135822721,5.060546517499258,472.7987492994486,358.17533329775
2025-10-19,9.62544085819128,62.124849937384,4.906551273433953,574.2911578346283,193.5418421992239
2025-10-20,30.490048065668187,59.89876839638239,0.10603759338039698,884.868595068924,311.73525538234037
2025-10-21,12.857016731297385,75.37348488642618,1.4413416459368522,912.5934596490531,364.07654832947776
2025-10-22,9.150185357544547,52.76807187446358,0.9990475954577499,441.3191147061016,390.14031379182734
2025-10-23,16.265328250009098,37.0400642763968,0.6765744642839777,788.3026495593862,312.6770122866492
2025-10-24,8.663376405471945,72.28209821837629,13.53144179517752,230.2823186490651,455.69247119207165
2025-10-25,30.849940617236655,60.7523546229679,13.7328027475281,395.13336078307924,268.95543224168085
2025-10-26,34.79922205523703,82.15933956858896,0.3504216017590822,842.244017877145,260.2733683369423
2025-10-27,35.13436188496051,39.28051783203864,0.8721278390056619,313.56957665446726,391.89217904168805
2025-10-28,10.59782614456953,55.42785871849245,13.070221063688635,837.2644309528458,361.78739118850893
2025-10-29,36.69781491466205,54.769121549252894,0.10813560797701072,907.9019777127426,219.68957027698056
2025-10-30,23.35107174227684,47.34941207114639,6.64495593032243,50.77507671052687,343.763941171615
2025-10-31,25.410182670296944,81.20207647775273,0.2999326260839541,542.053303047067,432.0088230672885
2025-11-01,18.287529019424667,48.24186476005856,2.352023438016477,689.0777741481199,405.96140376435153
2025-11-02,37.208797010124556,53.91075492889546,2.6724776285832914,81.45188093334228,337.0819731980017
2025-11-03,15.219785282406438,46.182265807916366,3.0896910779639075,397.54681245364225,272.38132529408546
2025-11-04,15.785044380450211,59.340671810350486,1.4744789261318902,867.0450462402325,287.1656838220705
2025-11-05,35.956625513406564,80.69346999672041,10.177321673627247,588.8964080092052,315.0908918186529
2025-11-06,22.687784735800417,69.93721411770858,4.093774399878498,729.7112135112313,241.20640637911458
2025-11-07,33.49158344516084,41.0469169392794,10.475072280635404,762.8491118665291,267.4999178586293
2025-11-08,30.9634097100126,65.60975361815662,6.820069658096094,512.7147538440456,216.77920573504372
2025-11-09,23.182544479594508,83.12652569808706,10.372554040291199,553.4209774777147,340.2090284095885
2025-11-10,25.066423896043354,60.557746133015925,4.075384826868093,838.2836220981857,342.84485419252667
2025-11-11,9.567263688757063,39.42388178908535,13.456054906191326,274.6721218996043,293.76059644764365
2025-11-12,23.910513592612087,81.14331275976377,2.388344134553714,840.1230513119759,267.8039438516565
2025-11-13,27.84048891503045,35.01442437399473,13.370414626483571,573.6746215244879,257.47118768928453
2025-11-14,20.821158331657763,44.52379182457223,14.973349121058924,146.65697621635482,294.52954439515383
2025-11-15,32.874899873243486,83.86882349548384,9.962308990329234,892.7523478961095,278.61141145904963
2025-11-16,27.713863129612896,88.86069707434683,0.6563495193327706,264.53800712531597,307.8752483158576
2025-11-17,18.612001864235864,77.84995797744901,14.4044072468294,94.79920461342084,336.52380696276856
2025-11-18,30.529024070392996,82.85482074680316,12.351531124903833,753.7183772243551,321.79592367800944
2025-11-19,10.099900653451758,67.0793720508382,10.713275115859814,842.5807363202607,327.72684203472664
2025-11-20,27.293722178812647,55.46827629762469,12.908621087469767,848.3238870790328,372.6642877053405
2025-11-21,18.76929491715632,44.178337090436955,12.228899429408582,548.7535489703448,434.00529421320806
2025-11-22,22.090027330036698,86.64261149897942,8.706635644670031,144.9374446270141,369.4416807823559
2025-11-23,37.12217380710386,38.974526157302044,1.819535251994443,927.0978813135471,315.5013718042123
2025-11-24,34.031960028147935,59.79264818786616,9.1400400401403,473.88028174808323,341.09168520014805
2025-11-25,22.116468168742486,70.58505791306652,7.82109382882151,131.63357594782724,455.54599869080397
2025-11-26,10.483435176187612,48.22289965236152,2.297341776040792,622.0084510026595,403.9909271036696
2025-11-27,25.697463487714554,73.73578291215122,0.32686912498878395,691.190994863646,330.97902936017323
2025-11-28,13.011369532017035,66.21661862260358,12.950501208508769,657.6242463316199,244.44736964473785
2025-11-29,39.3631971739394,57.84085806982657,2.180388276632341,623.3122905474887,234.03475851512462
2025-11-30,29.58471101353369,44.606242449831406,12.587323915868318,321.05099440555864,276.1563107724358
2025-12-01,30.533633601767676,30.753991455955592,6.375056942295949,633.2572624147786,263.01424305279215
2025-12-02,14.739548273753494,71.68795885140955,2.831308626606141,175.73902605763965,318.717567333258
2025-12-03,39.218319445252334,37.587682003390256,5.127440747479676,807.4922521572199,226.9387240032888
2025-12-04,36.83502385102126,49.23928252881443,13.523017315609072,416.23847929073526,283.2343101472605
2025-12-05,15.383829124480249,82.02571274446603,0.5356731166250228,755.410880973851,352.0343732253063
2025-12-06,33.5465932537702,86.75854103122869,8.576529053153736,365.83949998261994,252.39332811769526
2025-12-07,7.348825508013386,67.66605449335513,6.1312509574951175,703.223953473182,374.9144234821251
2025-12-08,39.447039712260896,50.62829827394455,5.593128241981844,121.07027774703968,296.3913407787342
2025-12-09,19.232470862752876,79.56320077272744,0.42226271692407724,342.16712850364536,411.9153963597463
2025-12-10,17.614205288451416,31.62235992872765,5.4977025036506575,380.0782662812781,440.9819917492078
2025-12-11,17.552042255134097,55.560429364761305,12.056446927763934,436.4955743595851,433.2112451836571
2025-12-12,19.685850732153483,35.966273587100986,4.267916845127655,260.8220983250116,248.01308335033627
2025-12-13,31.60164288549811,83.16873907002461,0.6046671670237469,317.99122050506116,426.13000450668943
2025-12-14,5.406398968868581,31.71362079200797,9.118750250804503,895.2744102984019,362.46158920329634
2025-12-15,9.52726590580793,88.23754087200385,14.081011949370357,714.0590464379262,324.99997817118856
2025-12-16,37.83744755557543,84.31925556475173,10.511848554726825,836.806598188488,526.1013917968014
2025-12-17,8.29464961360571,66.60086175798688,7.127023278121448,362.2436651796735,349.816319781629
2025-12-18,9.163817012151956,79.97614166230599,8.391030879202733,599.0716407691143,420.2904778548476
2025-12-19,26.88808836652436,84.32172885693147,10.115486549809273,551.6577639122547,352.022380629462
2025-12-20,35.26994250980401,37.4440069485929,11.352782047323155,600.5003368063626,311.19281260927744
2025-12-21,12.525353635688486,31.135808026707032,10.151899158398106,332.5241823125502,329.97475006099586
2025-12-22,9.530902300030204,63.609291114138244,14.628201041726216,742.9015097551575,355.0548225050639
2025-12-23,19.9943706381541,86.6767808919709,7.573557795860931,653.129883576244,287.52375590082863
2025-12-24,15.883773855159859,88.16758257704069,5.598933521394603,85.81848609908721,287.60157265510855
2025-12-25,12.309091822727627,78.35718919557183,11.05215925178441,619.6662225037655,361.85403045916996
2025-12-26,33.47053539300976,82.2659264223038,2.121936566640591,265.1171914469111,322.2038189255943
2025-12-27,25.00494141592963,66.82993828992026,10.45045777837278,238.91074866774588,203.74037230851064
2025-12-28,32.0464750153578,89.07592802526418,0.5195452717724236,819.7116542418983,295.4402350901513
2025-12-29,38.76461676643711,60.41119290152685,13.353283199355657,533.9384041233254,394.0839952471084
2025-12-30,38.462204274855125,31.45433292225921,7.368902294546818,586.9200065430475,257.57774553509705
2025-12-31,14.825003621877043,72.56806572721081,9.225479123766684,689.977286654261,251.37863706728126
